,Unnamed: 0,Unnamed: 0.1,Unnamed: 0.1.1,Unnamed: 0.1.1.1,Unnamed: 0.1.1.1.1,link,mp4,video
0,0.0,0.0,0.0,0.0,0.0,https://mm9842.com/v/36qpqfme0-dk3xj,https://mm9842.com/v/36qpqfme0-dk3xj,https://mm9842.com/v/36qpqfme0-dk3xj
1,1.0,1.0,1.0,,,https://avgle.com/embed/4692aefbef157d7f8a1e,https://avgle.com/embed/4692aefbef157d7f8a1e,https://avgle.com/embed/4692aefbef157d7f8a1e
2,2.0,2.0,2.0,,,https://mm9842.com/v/z7-k-fj1j6mm65e,https://mm9842.com/v/z7-k-fj1j6mm65e,https://mm9842.com/v/z7-k-fj1j6mm65e
3,3.0,3.0,3.0,,,https://mm9842.com/v/051d1il7yny6z-w,https://mm9842.com/v/051d1il7yny6z-w,https://mm9842.com/v/051d1il7yny6z-w
4,,,,,,https://mm9842.com/v/e20m0a-xrz-m12n,https://mm9842.com/v/e20m0a-xrz-m12n,https://mm9842.com/v/e20m0a-xrz-m12n
5,,,,,,https://avgle.com/embed/3a65df7d56047931a886,https://avgle.com/embed/3a65df7d56047931a886,https://avgle.com/embed/3a65df7d56047931a886
6,,,,,,https://mm9842.com/v/ln484cnelp0ey2p,https://mm9842.com/v/ln484cnelp0ey2p,https://mm9842.com/v/ln484cnelp0ey2p
7,,,,,,https://mm9842.com/v/241r1c23-xln4w2,https://mm9842.com/v/241r1c23-xln4w2,https://mm9842.com/v/241r1c23-xln4w2
8,,,,,,https://mm9842.com/v/my2g2t5mq6e3qwe,https://mm9842.com/v/my2g2t5mq6e3qwe,https://mm9842.com/v/my2g2t5mq6e3qwe
9,,,,,,https://mm9842.com/v/47r2rfze170wd66,https://mm9842.com/v/47r2rfze170wd66,https://mm9842.com/v/47r2rfze170wd66
